{
    "legend": {
        "!": "an",
        "\"": "analyze",
        "#": "and",
        "$": "are",
        "%": "as",
        "&": "bioinformatics",
        "'": "biological",
        "(": "biology",
        ")": "combines",
        "*": "complex",
        "+": "computer",
        ",": "data",
        "-": "develops",
        ".": "engineering",
        "/": "field",
        "0": "for",
        "1": "in",
        "2": "information",
        "3": "interdisciplinary",
        "4": "interpret",
        "5": "is",
        "6": "large",
        "7": "mathematics",
        "8": "methods",
        "9": "of",
        ":": "particular",
        ";": "science",
        "<": "sets",
        "=": "software",
        ">": "statistics",
        "?": "that",
        "@": "the",
        "A": "to",
        "B": "tools",
        "C": "understanding",
        "D": "when"
    },
    "matrix": {
        "!": {
            "3": 1.0
        },
        "\"": {
            "#": 1.0
        },
        "#": {
            "*": 0.25,
            "4": 0.25,
            "=": 0.25,
            ">": 0.25
        },
        "$": {
            "6": 1.0
        },
        "%": {
            "!": 1.0
        },
        "&": {
            ")": 0.5,
            "5": 0.5
        },
        "'": {
            ",": 1.0
        },
        "(": {
            "+": 1.0
        },
        ")": {
            "(": 1.0
        },
        "*": {
            "%": 1.0
        },
        "+": {
            ";": 1.0
        },
        ",": {
            "1": 0.5,
            "<": 0.5
        },
        "-": {
            "8": 1.0
        },
        ".": {
            "7": 1.0
        },
        "/": {
            "9": 0.5,
            "?": 0.5
        },
        "0": {
            "C": 1.0
        },
        "1": {
            ":": 1.0
        },
        "2": {
            ".": 1.0
        },
        "3": {
            "/": 1.0
        },
        "4": {
            "@": 1.0
        },
        "5": {
            "!": 1.0
        },
        "6": {
            "#": 1.0
        },
        "7": {
            "#": 1.0
        },
        "8": {
            "#": 1.0
        },
        "9": {
            ";": 1.0
        },
        ":": {
            "D": 1.0
        },
        ";": {
            "&": 0.5,
            "2": 0.5
        },
        "<": {
            "$": 1.0
        },
        "=": {
            "B": 1.0
        },
        ">": {
            "A": 1.0
        },
        "?": {
            "-": 1.0
        },
        "@": {
            "'": 0.5,
            ",": 0.5
        },
        "A": {
            "\"": 1.0
        },
        "B": {
            "0": 1.0
        },
        "C": {
            "'": 1.0
        },
        "D": {
            "@": 1.0
        }
    }
}